[
    {
        "model": "gestion_conseils.civilite",
        "pk": 1,
        "fields": {
            "libelle": "M.",
            "libelle_long": "monsieur"
        }
    },
    {
        "model": "gestion_conseils.civilite",
        "pk": 2,
        "fields": {
            "libelle": "Mme",
            "libelle_long": "madame"
        }
    },
    {
        "model": "gestion_conseils.Role",
        "pk": 1,
        "fields": {
            "libelle_role": "adhérent"
        }
    },
    {
        "model": "gestion_conseils.Role",
        "pk": 2,
        "fields": {
            "libelle_role": "président"
        }
    },
    {
        "model": "gestion_conseils.Role",
        "pk": 3,
        "fields": {
            "libelle_role": "elus"
        }
    },
    {
        "model": "gestion_conseils.Role",
        "pk": 4,
        "fields": {
            "libelle_role": "referent"
        }
    },
    {
        "model": "gestion_conseils.Quartier",
        "pk": 1,
        "fields": {
            "nom_quartier": "Antibes Coeur de Ville"
        }
    },
    {
        "model": "gestion_conseils.Quartier",
        "pk": 2,
        "fields": {
            "nom_quartier": "Coeur de Juan-les-Pins"
        }
    },
    {
        "model": "gestion_conseils.Quartier",
        "pk": 3,
        "fields": {
            "nom_quartier": "Antibes Activités"
        }
    },
    {
        "model": "gestion_conseils.Quartier",
        "pk": 4,
        "fields": {
            "nom_quartier": "Antibes Grand Est"
        }
    },
    {
        "model": "gestion_conseils.Quartier",
        "pk": 5,
        "fields": {
            "nom_quartier": "Antibes Ouest Résidentiel"
        }
    },
    {
        "model": "gestion_conseils.Quartier",
        "pk": 6,
        "fields": {
            "nom_quartier": "Antibes Centre"
        }
    },
    {
        "model": "gestion_conseils.Membre",
        "pk": 1,
        "fields": {
            "nom": "Personne 1"
        }
    },
    {
        "model": "gestion_conseils.Membre",
        "pk": 2,
        "fields": {
            "nom": "Personne 2"
        }
    }
]
